Алма-ата;ашхабад
Алма-ата;душанбе
Алма-ата;иркутск
Алма-ата;казань
Алма-ата;киев
Алма-ата;ленинград
Алма-ата;минск
Алма-ата;москва
Алма-ата;свердловск
Алма-ата;ташкент
Архангельск;александровск
Архангельск;астрахань
Архангельск;бийск
Архангельск;владивосток
Архангельск;вологда
Архангельск;дудинка
Архангельск;иркутск
Архангельск;кемь
Архангельск;ленинград
Архангельск;москва
Архангельск;мурманск
Архангельск;новороссийск
Архангельск;одесса
Архангельск;охотск
Архангельск;пермь
Архангельск;печора
Архангельск;симферополь
Архангельск;тобольск
Архангельск;тюмень
Архангельск;унжа
Архангельск;хабаровск
Архангельск;херсон
Архангельск;якутск
Астрахань;азов
Астрахань;алексин
Астрахань;архангельск
Астрахань;вологда
Астрахань;воронеж
Астрахань;кагальник
Астрахань;казань
Астрахань;камышин
Астрахань;каспий
Астрахань;литва
Астрахань;мстиславль
Астрахань;павлодар
Астрахань;псков
Астрахань;путивль
Астрахань;рыбинск
Астрахань;рязань
Астрахань;самара
Астрахань;саратов
Астрахань;свияжск
Астрахань;синбирск
Астрахань;ставрополь
Астрахань;тверь
Астрахань;тохтамыш
Астрахань;херсон
Варшава;белосток
Варшава;берлин
Варшава;берн
Варшава;будапешт
Варшава;вильно
Варшава;германия
Варшава;житомир
Варшава;кенигсберг
Варшава;киев
Варшава;константинополь
Варшава;краков
Варшава;ленинград
Варшава;лондон
Варшава;минск
Варшава;могилев
Варшава;москва
Варшава;одесса
Варшава;париж
Варшава;петербург
Варшава;петроград
Варшава;польша
Варшава;прага
Варшава;ростов
Варшава;смоленск
Варшава;стокгольм
Варшава;тифлис
Варшава;франкфурт
Варшава;харьков
Владивосток;архангельск
Владивосток;астрахань
Владивосток;благовещенск
Владивосток;гонконг
Владивосток;иркутск
Владивосток;калининград
Владивосток;кемь
Владивосток;киев
Владивосток;красноярск
Владивосток;кронштадт
Владивосток;крым
Владивосток;ленинград
Владивосток;москва
Владивосток;мурманск
Владивосток;нагасаки
Владивосток;нижневартовск
Владивосток;никольск
Владивосток;новороссийск
Владивосток;одесса
Владивосток;омск
Владивосток;петербург
Владивосток;петроград
Владивосток;порт-артур
Владивосток;ростов-на-дону
Владивосток;санкт-петербург
Владивосток;севастополь
Владивосток;серпухов
Владивосток;сингапур
Владивосток;стокгольм
Владивосток;токио
Владивосток;туапсе
Владивосток;улан-удэ
Владивосток;хабаровск
Владивосток;харбин
Владивосток;челябинск
Владивосток;шанхай
Владикавказ;аткарск
Владикавказ;гомель
Владикавказ;новониколаевск
Владикавказ;оренбург
Владикавказ;петровск
Владикавказ;пятигорск
Владикавказ;ростов-на-дону
Владикавказ;тирасполь
Владикавказ;тифлис
Владикавказ;тюмень
Воронеж;астрахань
Воронеж;аткарск
Воронеж;белгород
Воронеж;брянск
Воронеж;волгоград
Воронеж;вологда
Воронеж;вязьма
Воронеж;вятка
Воронеж;гдов
Воронеж;гомель
Воронеж;екатеринослав
Воронеж;иркутск
Воронеж;казань
Воронеж;калуга
Воронеж;киев
Воронеж;кострома
Воронеж;красноярск
Воронеж;кременчуг
Воронеж;курск
Воронеж;ленинград
Воронеж;лиски
Воронеж;майкоп
Воронеж;минск
Воронеж;москва
Воронеж;новониколаевск
Воронеж;новороссийск
Воронеж;одесса
Воронеж;петербург
Воронеж;петроград
Воронеж;петрозаводск
Воронеж;подмосковье
Воронеж;ржев
Воронеж;ростов
Воронеж;ростов-на-дону
Воронеж;рязань
Воронеж;самара
Воронеж;саратов
Воронеж;серпухов
Воронеж;смоленск
Воронеж;таганрог
Воронеж;тамбов
Воронеж;тверь
Воронеж;тирасполь
Воронеж;томск
Воронеж;тула
Воронеж;хабаровск
Воронеж;харьков
Воронеж;ярославль
Грозный;бонн
Грозный;буйнакск
Грозный;гудермес
Грозный;дагестан
Грозный;киев
Грозный;махачкала
Грозный;москва
Грозный;назрань
Грозный;первомайск
Грозный;петербург
Грозный;семипалатинск
Грозный;смоленск
Грозный;углич
Грозный;фрязино
Грозный;хасавюрт
Грозный;цхинвал
Грозный;чечня
Гуляйполе;александровск
Гуляйполе;васильевка
Гуляйполе;волчанск
Гуляйполе;новочеркасск
Гуляйполе;петербург
Гуляйполе;петроград
Гуляйполе;рождественка
Гуляйполе;ростов
Гуляйполе;украина
Гуляйполе;уральск
Дербент;белев
Дербент;бендеры
Дербент;велиж
Дербент;кизляр
Дербент;мстиславль
Дербент;осташков
Дербент;очаков
Дербент;силистрия
Дербент;тюмень
Дербент;шемаха
Дзержинский;горки
Дзержинский;екатеринослав
Дзержинский;камо
Дзержинский;куйбышев
Дзержинский;лубянский
Дзержинский;петроград
Дзержинский;самара
Дзержинский;сухомлинов
Дзержинский;таганский
Дзержинский;тарак
Дубна;академгородок
Дубна;калуга
Дубна;миасс
Дубна;москва
Дубна;обнинск
Дубна;пермь
Дубна;самара
Дубна;санкт-петербург
Дубна;саратов
Дубна;тольятти
Екатеринбург;архангельск
Екатеринбург;иркутск
Екатеринбург;казань
Екатеринбург;москва
Екатеринбург;новосибирск
Екатеринбург;пермь
Екатеринбург;ростов-на-дону
Екатеринбург;самара
Екатеринбург;санкт-петербург
Екатеринбург;саратов
Екатеринослав;керчь
Екатеринослав;кременчуг
Екатеринослав;мариуполь
Екатеринослав;минск
Екатеринослав;новониколаевск
Екатеринослав;одесса
Екатеринослав;полтава
Екатеринослав;ростов-на-дону
Екатеринослав;харьков
Екатеринослав;ярославль
Иркутск;благовещенск
Иркутск;владивосток
Иркутск;екатеринбург
Иркутск;красноярск
Иркутск;москва
Иркутск;николаевск
Иркутск;новосибирск
Иркутск;одесса
Иркутск;омск
Иркутск;пермь
Иркутск;петербург
Иркутск;санкт-петербург
Иркутск;саратов
Иркутск;семипалатинск
Иркутск;ставрополь
Иркутск;тобольск
Иркутск;томск
Иркутск;тюмень
Иркутск;улан-удэ
Иркутск;хабаровск
Иркутск;челябинск
Иркутск;чита
Иркутск;якутск
Казань;азов
Казань;астрахань
Казань;волгоград
Казань;воронеж
Казань;вятка
Казань;екатеринбург
Казань;екатеринослав
Казань;калуга
Казань;киев
Казань;кострома
Казань;красноярск
Казань;крым
Казань;ленинград
Казань;майкоп
Казань;москва
Казань;нальчик
Казань;новгород
Казань;новосибирск
Казань;одесса
Казань;омск
Казань;оренбург
Казань;пенза
Казань;петербург
Казань;петроград
Казань;петрозаводск
Казань;рыбинск
Казань;самара
Казань;санкт-петербург
Казань;саратов
Казань;свияжск
Казань;симбирск
Казань;смоленск
Казань;ташкент
Казань;тверь
Казань;тобольск
Казань;томск
Казань;торжок
Казань;тула
Казань;ульяновск
Казань;уфа
Казань;челябинск
Казань;ярославль
Калининград;белоруссия
Калининград;владивосток
Калининград;москва
Калининград;мурманск
Калининград;петербург
Калининград;санкт-петербург
Калининград;сибирь
Калининград;украина
Калининград;хабаровск
Калининград;ханты-мансийск
Калуга;белев
Калуга;брянск
Калуга;вязьма
Калуга;киев
Калуга;курск
Калуга;лубны
Калуга;минск
Калуга;можайск
Калуга;москва
Калуга;мстиславль
Калуга;петербург
Калуга;путивль
Калуга;саратов
Калуга;серпухов
Калуга;смоленск
Калуга;тверь
Калуга;тула
Калуга;ярославль
Карабаш;баада
Карабаш;кармадона
Карабаш;кушль
Карабаш;мервиль
Карабаш;монтеверде
Карабаш;новосельн
Карабаш;панаргин
Карабаш;теймыр
Карабаш;фартус
Карабаш;яниш
Киев;берлин
Киев;варшава
Киев;вильно
Киев;вильнюс
Киев;воронеж
Киев;днепропетровск
Киев;екатеринослав
Киев;житомир
Киев;константинополь
Киев;крым
Киев;ленинград
Киев;луцк
Киев;минск
Киев;москва
Киев;муром
Киев;новгород
Киев;одесса
Киев;переяславль
Киев;петербург
Киев;петроград
Киев;петрозаводск
Киев;полоцк
Киев;полтава
Киев;ростов
Киев;рязань
Киев;саратов
Киев;смоленск
Киев;суздаль
Киев;харьков
Киев;чернигов
Киев;ялта
Киев;ярославль
Коломна;бежецк
Коломна;белев
Коломна;брянск
Коломна;вязьма
Коломна;елец
Коломна;козельск
Коломна;мценск
Коломна;переславль
Коломна;ржев
Коломна;серпухов
Колымск;владикавказ
Колымск;енисейск
Колымск;индигирка
Колымск;иркутск
Колымск;обь
Колымск;охотск
Колымск;симла
Колымск;суэц
Колымск;тобольск
Колымск;якутск
Красноярск;владивосток
Красноярск;иркутск
Красноярск;казань
Красноярск;кемерово
Красноярск;москва
Красноярск;новосибирск
Красноярск;норильск
Красноярск;омск
Красноярск;саратов
Красноярск;хабаровск
Кронштадт;амстердам
Кронштадт;архангельск
Кронштадт;владивосток
Кронштадт;гамбург
Кронштадт;гонконг
Кронштадт;иркутск
Кронштадт;казань
Кронштадт;камчатка
Кронштадт;киев
Кронштадт;копенгаген
Кронштадт;котлин
Кронштадт;мессина
Кронштадт;москва
Кронштадт;нагасаки
Кронштадт;новороссийск
Кронштадт;ньюкасл
Кронштадт;одесса
Кронштадт;петербург
Кронштадт;петергоф
Кронштадт;петроград
Кронштадт;петропавловск
Кронштадт;пирей
Кронштадт;порт-артур
Кронштадт;портсмут
Кронштадт;севастополь
Кронштадт;сингапур
Кронштадт;стокгольм
Кронштадт;стрельна
Кронштадт;тулон
Кронштадт;шербург
Кронштадт;ялта
Куйбышев;воронеж
Куйбышев;днепропетровск
Куйбышев;казань
Куйбышев;ленинград
Куйбышев;липецк
Куйбышев;москва
Куйбышев;ростов
Куйбышев;саратов
Куйбышев;свердловск
Куйбышев;челябинск
Курск;белгород
Курск;брянск
Курск;вязьма
Курск;лиски
Курск;лобаново
Курск;мелитополь
Курск;мценск
Курск;тула
Курск;фатеж
Курск;щигры
Ленинград;алма-ата
Ленинград;берлин
Ленинград;воронеж
Ленинград;днепропетровск
Ленинград;егорьевск
Ленинград;кенигсберг
Ленинград;киев
Ленинград;куйбышев
Ленинград;лахти
Ленинград;минск
Ленинград;москва
Ленинград;одесса
Ленинград;париж
Ленинград;петербург
Ленинград;петроград
Ленинград;петрозаводск
Ленинград;свердловск
Ленинград;симферополь
Ленинград;смоленск
Ленинград;сталинград
Ленинград;ташкент
Ленинград;томск
Ленинград;харьков
Минск;алма-ата
Минск;ашхабад
Минск;берлин
Минск;вильно
Минск;вильнюс
Минск;витебск
Минск;владикавказ
Минск;воронеж
Минск;гомель
Минск;екатеринбург
Минск;екатеринослав
Минск;житомир
Минск;казань
Минск;киев
Минск;ленинград
Минск;майкоп
Минск;могилев
Минск;москва
Минск;нальчик
Минск;новониколаевск
Минск;ростов-на-дону
Минск;свердловск
Минск;серпухов
Минск;симферополь
Минск;таллин
Минск;таллинн
Минск;ташкент
Минск;томск
Минск;уфа
Минск;харьков
Минск;челябинск
Минск;ядрин
Москва;берлин
Москва;варшава
Москва;воронеж
Москва;иркутск
Москва;казань
Москва;киев
Москва;крым
Москва;ленинград
Москва;лондон
Москва;новгород
Москва;нью-йорк
Москва;одесса
Москва;париж
Москва;петербург
Москва;петроград
Москва;псков
Москва;россия
Москва;ростов
Москва;санкт-петербург
Москва;саратов
Москва;смоленск
Москва;ташкент
Москва;тверь
Москва;тула
Москва;харьков
Москва;ялта
Москва;ярославль
Мурманск;архангельск
Мурманск;астрахань
Мурманск;владивосток
Мурманск;вологда
Мурманск;гавр
Мурманск;кандалакша
Мурманск;ленинград
Мурманск;поти
Мурманск;ташкент
Мурманск;хабаровск
Нарва;белев
Нарва;витебск
Нарва;вольмар
Нарва;выборг
Нарва;казань
Нарва;люблин
Нарва;минск
Нарва;мстиславль
Нарва;полоцк
Нарва;торжок
Находка;аджанта
Находка;азия
Находка;алтай
Находка;аляска
Находка;антарктида
Находка;антарктика
Находка;армавир
Находка;атлантида
Находка;бзыбь
Находка;булун
Находка;верхотурье
Находка;гвинея
Находка;гибралтар
Находка;гренландия
Находка;дманиси
Находка;индия
Находка;камчатка
Находка;кирхгоф
Находка;колгуев
Находка;консепсьон
Находка;констанца
Находка;кременчуг
Находка;либерия
Находка;лос-анджелес
Находка;лувр
Находка;мэлэхэ
Находка;несси
Находка;ольденбург
Находка;оннес
Находка;петропавловск
Находка;поповка
Находка;портсмут
Находка;причерноморье
Находка;рухш
Находка;сасебо
Находка;севан
Находка;сегра
Находка;сланцы
Находка;сринагар
Находка;токмак
Находка;тотьма
Находка;тянь-шань
Находка;уэльс
Находка;фергана
Находка;хайфа
Находка;хангай
Находка;хибины
Находка;цейлон
Находка;чулун
Находка;шемаха
Находка;шлиссельбург
Находка;эверест
Находка;юкон
Новгород;бузулук
Новгород;византия
Новгород;воронеж
Новгород;вышгород
Новгород;вятка
Новгород;днепропетровск
Новгород;екатеринослав
Новгород;казань
Новгород;калуга
Новгород;киев
Новгород;константинополь
Новгород;литва
Новгород;масловка
Новгород;москва
Новгород;переславль
Новгород;пермь
Новгород;петербург
Новгород;петрозаводск
Новгород;полоцк
Новгород;псков
Новгород;ростов
Новгород;русь
Новгород;рыбинск
Новгород;рязань
Новгород;саксония
Новгород;самара
Новгород;санкт-петербург
Новгород;саратов
Новгород;свердловск
Новгород;северск
Новгород;смоленск
Новгород;суздаль
Новгород;тагил
Новгород;тверь
Новгород;торжок
Новгород;устюг
Новгород;чернигов
Новгород;чернигово
Новгород;ярославль
Новороссийск;владикавказ
Новороссийск;керчь
Новороссийск;крым
Новороссийск;кубань
Новороссийск;новочеркасск
Новороссийск;одесса
Новороссийск;ростов
Новороссийск;севастополь
Новороссийск;сочи
Новороссийск;туапсе
Новосибирск;академгородок
Новосибирск;барнаул
Новосибирск;бийск
Новосибирск;екатеринбург
Новосибирск;иркутск
Новосибирск;каунас
Новосибирск;кемерово
Новосибирск;кострома
Новосибирск;красноярск
Новосибирск;москва
Новосибирск;омск
Новосибирск;ростов-на-дону
Новосибирск;санкт-петербург
Новосибирск;сыктывкар
Новосибирск;томск
Новосибирск;чебоксары
Новосибирск;челябинск
Новочеркасск;батайск
Новочеркасск;владикавказ
Новочеркасск;джанкой
Новочеркасск;киев
Новочеркасск;могилев
Новочеркасск;новороссийск
Новочеркасск;петроград
Новочеркасск;ростов
Новочеркасск;таганрог
Новочеркасск;харьков
Одесса;астрахань
Одесса;борисполь
Одесса;варшава
Одесса;екатеринослав
Одесса;иркутск
Одесса;каунас
Одесса;киев
Одесса;кишинев
Одесса;коктебель
Одесса;кременчуг
Одесса;крым
Одесса;ленинград
Одесса;мариуполь
Одесса;москва
Одесса;новороссийск
Одесса;париж
Одесса;петербург
Одесса;петроград
Одесса;саратов
Одесса;севастополь
Одесса;симбирск
Одесса;симферополь
Одесса;сочи
Одесса;ставрополь
Одесса;ташкент
Одесса;тифлис
Одесса;туапсе
Одесса;харьков
Одесса;чита
Одесса;ялта
Оренбург;астрахань
Оренбург;бугульма
Оренбург;бузулук
Оренбург;екатеринбург
Оренбург;иркутск
Оренбург;казань
Оренбург;кубань
Оренбург;кунгур
Оренбург;минск
Оренбург;пекин
Оренбург;самара
Оренбург;саранск
Оренбург;саратов
Оренбург;свияжск
Оренбург;симбирск
Оренбург;стральзунд
Оренбург;тюмень
Оренбург;уральск
Оренбург;уфа
Оренбург;хива
Павловск;гатчина
Павловск;кузьмищево
Павловск;кунцево
Павловск;лозанна
Павловск;останкино
Павловск;петербург
Павловск;петергоф
Павловск;токсово
Павловск;шестово
Павловск;ялта
Пенза;бессоновка
Пенза;геттинген
Пенза;иркутск
Пенза;кременчуг
Пенза;москва
Пенза;петербург
Пенза;саратов
Пенза;симбирск
Пенза;ставрополь
Пенза;тихвин
Переяславль;волыния
Переяславль;галич
Переяславль;дорогобуж
Переяславль;киев
Переяславль;курск
Переяславль;муром
Переяславль;перемышль
Переяславль;ростов
Переяславль;суздаль
Переяславль;чернигов
Пермь;архангельск
Пермь;астрахань
Пермь;верхотурье
Пермь;вологда
Пермь;вятка
Пермь;добрянка
Пермь;екатеринбург
Пермь;иркутск
Пермь;казань
Пермь;киев
Пермь;москва
Пермь;новгород
Пермь;петрозаводск
Пермь;прикамье
Пермь;санкт-петербург
Пермь;соликамск
Пермь;тверь
Пермь;тобольск
Пермь;томск
Пермь;тюмень
Пермь;устюг
Пермь;уфа
Пермь;феодосия
Пермь;ярославль
Петербург;баден
Петербург;берлин
Петербург;богородицк
Петербург;варшава
Петербург;владивосток
Петербург;воронеж
Петербург;гатчина
Петербург;иркутск
Петербург;казань
Петербург;киев
Петербург;ленинград
Петербург;лондон
Петербург;могилев
Петербург;москва
Петербург;одесса
Петербург;омск
Петербург;париж
Петербург;пенза
Петербург;петроград
Петербург;прага
Петербург;псков
Петербург;ростов
Петербург;санктпетербург
Петербург;санкт-петербург
Петербург;ставрополь
Петербург;таганрог
Петербург;тифлис
Петербург;ульяновск
Петербург;харьков
Петербург;ялта
Петергоф;александрия
Петергоф;гатчина
Петергоф;дрентельн
Петергоф;кронштадт
Петергоф;ливадия
Петергоф;могилев
Петергоф;павловск
Петергоф;петербург
Петергоф;ропша
Петергоф;сергиевка
Петроград;берлин
Петроград;варшава
Петроград;воронеж
Петроград;гатчина
Петроград;гомель
Петроград;гуляйполе
Петроград;екатеринбург
Петроград;казань
Петроград;киев
Петроград;ленинград
Петроград;лондон
Петроград;могилев
Петроград;москва
Петроград;новочеркасск
Петроград;одесса
Петроград;омск
Петроград;оренбург
Петроград;париж
Петроград;петербург
Петроград;ростов
Петроград;севастополь
Петроград;смоленск
Петроград;таганрог
Петроград;тифлис
Петроград;урга
Петроград;харьков
Полоцк;брест
Полоцк;висмар
Полоцк;дорогобуж
Полоцк;минск
Полоцк;мстиславль
Полоцк;овруч
Полоцк;орша
Полоцк;ржев
Полоцк;смоленск
Полоцк;чернигов
Полтава;белгород
Полтава;варшава
Полтава;воронеж
Полтава;екатеринослав
Полтава;киев
Полтава;кролевец
Полтава;курск
Полтава;москва
Полтава;одесса
Полтава;петербург
Полтава;севастополь
Полтава;севск
Полтава;тамбов
Полтава;тула
Полтава;харьков
Полтава;чернигов
Порт-Артур;владивосток
Порт-Артур;гонконг
Порт-Артур;константинополь
Порт-Артур;кронштадт
Порт-Артур;лиссабон
Порт-Артур;мальта
Порт-Артур;манчжурия
Порт-Артур;очаков
Порт-Артур;пекин
Порт-Артур;петропавловск
Порт-Артур;плевна
Порт-Артур;севастополь
Порт-Артур;херсонес
Порт-Артур;цзиндао
Порт-Артур;циндао
Порт-Артур;эрзерум
Псков;бологое
Псков;варшава
Псков;витебск
Псков;вологда
Псков;волыния
Псков;вольмар
Псков;гдов
Псков;казань
Псков;киев
Псков;литва
Псков;могилев
Псков;москва
Псков;мстиславль
Псков;новгород
Псков;омск
Псков;переяславль
Псков;пермь
Псков;петроград
Псков;полоцк
Псков;путивль
Псков;ростов
Псков;северск
Псков;смоленск
Псков;тверь
Псков;торжок
Псков;ярославль
Ростов;батайск
Ростов;болхов
Ростов;витебск
Ростов;владикавказ
Ростов;волгоград
Ростов;воронеж
Ростов;воскресенск
Ростов;вязьма
Ростов;днепропетровск
Ростов;екатеринбург
Ростов;екатеринослав
Ростов;житомир
Ростов;казань
Ростов;калуга
Ростов;кемерово
Ростов;керчь
Ростов;киев
Ростов;котлас
Ростов;курск
Ростов;ленинград
Ростов;мариуполь
Ростов;москва
Ростов;новгород
Ростов;новороссийск
Ростов;новочеркасск
Ростов;петроград
Ростов;петрозаводск
Ростов;пятигорск
Ростов;ростов-на-дону
Ростов;самара
Ростов;саратов
Ростов;севастополь
Ростов;смоленск
Ростов;ставрополь
Ростов;сталинград
Ростов;таганрог
Ростов;тверь
Ростов;туапсе
Ростов;тула
Ростов;харьков
Ростов;челябинск
Ростов;ярославль
Самара;астрахань
Самара;бузулук
Самара;ветлуга
Самара;владикавказ
Самара;волгоград
Самара;воронеж
Самара;дубна
Самара;екатеринбург
Самара;ирбит
Самара;иркутск
Самара;казань
Самара;киев
Самара;козьмодемьянск
Самара;кострома
Самара;красноярск
Самара;минск
Самара;москва
Самара;новокуйбышевск
Самара;новосибирск
Самара;омск
Самара;оренбург
Самара;осиповка
Самара;петроград
Самара;петрозаводск
Самара;прилуки
Самара;ростов
Самара;рыбинск
Самара;санкт-петербург
Самара;саратов
Самара;симбирск
Самара;сызрань
Самара;тверь
Самара;тольятти
Самара;ульяновск
Самара;харьков
Самара;чебоксары
Самара;ярославль
Санкт-Петербург;владикавказ
Санкт-Петербург;дубна
Санкт-Петербург;екатеринбург
Санкт-Петербург;иркутск
Санкт-Петербург;казань
Санкт-Петербург;москва
Санкт-Петербург;нальчик
Санкт-Петербург;новосибирск
Санкт-Петербург;пермь
Санкт-Петербург;петербург
Санкт-Петербург;саратов
Санкт-Петербург;сургут
Санкт-Петербург;тольятти
Санкт-Петербург;ульяновск
Санкт-Петербург;ханты-мансийск
Санкт-Петербург;чебоксары
Саратов;астрахань
Саратов;волгоград
Саратов;вологда
Саратов;воронеж
Саратов;вятка
Саратов;дубна
Саратов;екатеринбург
Саратов;екатеринослав
Саратов;иркутск
Саратов;казань
Саратов;калуга
Саратов;киев
Саратов;котлас
Саратов;красноярск
Саратов;куйбышев
Саратов;курск
Саратов;ленинград
Саратов;минск
Саратов;москва
Саратов;омск
Саратов;оренбург
Саратов;пенза
Саратов;пермь
Саратов;петербург
Саратов;петрозаводск
Саратов;ростов
Саратов;рыбинск
Саратов;самара
Саратов;санкт-петербург
Саратов;саранск
Саратов;симбирск
Саратов;ставрополь
Саратов;тверь
Саратов;тольятти
Саратов;тула
Саратов;ульяновск
Саратов;харьков
Саратов;челябинск
Саратов;чернигов
Свердловск;днепропетровск
Свердловск;калуга
Свердловск;кемь
Свердловск;куйбышев
Свердловск;ленинград
Свердловск;москва
Свердловск;салехард
Свердловск;ташкент
Свердловск;хабаровск
Свердловск;челябинск
Севастополь;анкона
Севастополь;бендеры
Севастополь;владивосток
Севастополь;вязьма
Севастополь;дунай
Севастополь;евпатория
Севастополь;кавказ
Севастополь;керчь
Севастополь;киев
Севастополь;константинополь
Севастополь;кронштадт
Севастополь;крым
Севастополь;ленинград
Севастополь;мальта
Севастополь;москва
Севастополь;новороссийск
Севастополь;одесса
Севастополь;очаков
Севастополь;петроград
Севастополь;петропавловск
Севастополь;плевна
Севастополь;порт-артур
Севастополь;поти
Севастополь;ростов
Севастополь;силистрия
Севастополь;симферополь
Севастополь;смоленск
Севастополь;сочи
Севастополь;сталинград
Севастополь;тифлис
Севастополь;тулон
Севастополь;феодосия
Севастополь;херсон
Севастополь;ялта
Смоленск;боровск
Смоленск;брянск
Смоленск;варшава
Смоленск;витебск
Смоленск;воронеж
Смоленск;вязьма
Смоленск;гомель
Смоленск;дорогобуж
Смоленск;казань
Смоленск;калуга
Смоленск;кенигсберг
Смоленск;киев
Смоленск;коломна
Смоленск;константинополь
Смоленск;кострома
Смоленск;литва
Смоленск;майкоп
Смоленск;могилев
Смоленск;можайск
Смоленск;москва
Смоленск;нарва
Смоленск;новгород
Смоленск;овруч
Смоленск;петроград
Смоленск;полоцк
Смоленск;псков
Смоленск;ржев
Смоленск;рославль
Смоленск;ростов
Смоленск;севастополь
Смоленск;серпухов
Смоленск;тихвин
Смоленск;торжок
Смоленск;чернигов
Сочи;анапа
Сочи;барвиха
Сочи;ванкувер
Сочи;гагра
Сочи;донецк
Сочи;железноводск
Сочи;иркутск
Сочи;кисловодск
Сочи;красноярск
Сочи;майкоп
Сочи;минск
Сочи;москва
Сочи;новороссийск
Сочи;пицунда
Сочи;санкт-петербург
Сочи;туапсе
Сочи;эйлат
Сочи;ялта
спб;вестна
спб;имп
спб;канд
спб;московск
спб;одесск
спб;петербургский
спб;ргада
спб;ростов-на-дону
спб;русск
спб;санктпетербург
спб;санкт-петербург
спб;севастопольский
спб;симферопольский
спб;сормовский
спб;спбгиэу
спб;таганрогский
спб;харбинский
Сталинград;берлин
Сталинград;варшава
Сталинград;вязьма
Сталинград;донбасс
Сталинград;кенигсберг
Сталинград;киев
Сталинград;ленинград
Сталинград;моздок
Сталинград;москва
Сталинград;новороссийск
Сталинград;ростов
Сталинград;севастополь
Сталинград;смоленск
Сталинград;сталинградский
Сталинград;таганрог
Сталинград;харьков
Таганрог;витебск
Таганрог;лиски
Таганрог;луганск
Таганрог;мариуполь
Таганрог;мелитополь
Таганрог;могилев
Таганрог;новочеркасск
Таганрог;ростов
Таганрог;симферополь
Таганрог;харьков
Ташкент;алма-ата
Ташкент;ашхабад
Ташкент;барнаул
Ташкент;днепропетровск
Ташкент;домодедово
Ташкент;ессентуки
Ташкент;иркутск
Ташкент;казань
Ташкент;киев
Ташкент;кисловодск
Ташкент;кишинев
Ташкент;ленинград
Ташкент;минск
Ташкент;москва
Ташкент;новосибирск
Ташкент;одесса
Ташкент;омск
Ташкент;оренбург
Ташкент;париж
Ташкент;петербург
Ташкент;самара
Ташкент;свердловск
Ташкент;симферополь
Ташкент;сочи
Ташкент;тифлис
Ташкент;туркестан
Ташкент;уральск
Ташкент;хабаровск
Ташкент;харьков
Ташкент;чистополь
Тверь;брянск
Тверь;вологда
Тверь;казань
Тверь;калуга
Тверь;киев
Тверь;кострома
Тверь;москва
Тверь;новгород
Тверь;псков
Тверь;ростов
Тверь;рязань
Тверь;смоленск
Тверь;торжок
Тверь;углич
Тверь;чернигов
Тверь;ярославль
Тифлис;бессоновка
Тифлис;богородицк
Тифлис;бомбей
Тифлис;бухара
Тифлис;варшава
Тифлис;владикавказ
Тифлис;гатчина
Тифлис;грузия
Тифлис;жмеринка
Тифлис;иркутск
Тифлис;кавказ
Тифлис;киев
Тифлис;кисловодск
Тифлис;кишинев
Тифлис;красноярск
Тифлис;ленинград
Тифлис;мексика
Тифлис;москва
Тифлис;неаполь
Тифлис;одесса
Тифлис;оренбург
Тифлис;париж
Тифлис;петербург
Тифлис;петроград
Тифлис;пятигорск
Тифлис;ростов
Тифлис;ростов-на-дону
Тифлис;самара
Тифлис;ставрополь
Тифлис;тегеран
Тифлис;тирасполь
Тифлис;томск
Тифлис;тульчин
Тифлис;уфа
Тифлис;франкфурт
Тифлис;хабаровск
Тифлис;харьков
Тифлис;хива
Тифлис;чита
Торжок;бежецк
Торжок;вологда
Торжок;вольмар
Торжок;дмитров
Торжок;дорогобуж
Торжок;переславль
Торжок;псков
Торжок;серпухов
Торжок;тверь
Торжок;устюг
Тула;белев
Тула;брянск
Тула;витебск
Тула;владикавказ
Тула;вологда
Тула;воронеж
Тула;вязьма
Тула;дмитров
Тула;жлобин
Тула;калуга
Тула;киев
Тула;кишинев
Тула;козельск
Тула;курск
Тула;ленинград
Тула;махачкала
Тула;москва
Тула;мстиславль
Тула;мценск
Тула;новониколаевск
Тула;орша
Тула;петербург
Тула;петрозаводск
Тула;путивль
Тула;рыльск
Тула;рязань
Тула;самара
Тула;саратов
Тула;севск
Тула;серпухов
Тула;симферополь
Тула;строгино
Тула;тверь
Тула;фергана
Тула;харьков
Углич;бежецк
Углич;белоозеро
Углич;дмитров
Углич;переславль
Углич;псков
Углич;ростов
Углич;суздаль
Углич;тверь
Углич;торжок
Углич;чернигов
Уфа;воронеж
Уфа;киев
Уфа;кисловодск
Уфа;москва
Уфа;оренбург
Уфа;петербург
Уфа;полтава
Уфа;рыбинск
Уфа;самара
Уфа;ялта
Харьков;белгород
Харьков;валуйки
Харьков;варшава
Харьков;воронеж
Харьков;днепропетровск
Харьков;екатеринослав
Харьков;казань
Харьков;кандалакша
Харьков;кемерово
Харьков;киев
Харьков;кишинев
Харьков;кременчуг
Харьков;куйбышев
Харьков;курск
Харьков;ленинград
Харьков;мариуполь
Харьков;минск
Харьков;москва
Харьков;новочеркасск
Харьков;одесса
Харьков;петербург
Харьков;петроград
Харьков;петрозаводск
Харьков;полтава
Харьков;ростов
Харьков;сальск
Харьков;саратов
Харьков;свердловск
Харьков;ставрополь
Харьков;таганрог
Харьков;тверь
Харьков;тифлис
Харьков;томск
Харьков;тула
Харьков;украина
Харьков;челябинск
Чернигов;белгород
Чернигов;брянск
Чернигов;дмитров
Чернигов;киев
Чернигов;муром
Чернигов;овруч
Чернигов;перемышль
Чернигов;переяславль
Чернигов;смоленск
Чернигов;суздаль
Ялта;алушта
Ялта;выборг
Ялта;гурзуф
Ялта;киев
Ялта;кисловодск
Ялта;коктебель
Ялта;крым
Ялта;ленинград
Ялта;москва
Ялта;ницца
Ялта;одесса
Ялта;париж
Ялта;переделкино
Ялта;петербург
Ялта;пятигорск
Ялта;севастополь
Ялта;симферополь
Ялта;сочи
Ялта;томск
Ялта;харьков
Ярославль;вологда
Ярославль;екатеринбург
Ярославль;иркутск
Ярославль;казань
Ярославль;калуга
Ярославль;киев
Ярославль;кострома
Ярославль;москва
Ярославль;новгород
Ярославль;пермь
Ярославль;рыбинск
Ярославль;рыльск
Ярославль;санкт-петербург
Ярославль;серпухов
Ярославль;тверь